amplicon	primer.issues	positionInPrimer	refSeq	primerSeq	primerConsensus	type	count	mismatch_prop
4	EA_2024_4_LEFT	17	A:1.00	G	A	3'	5	1.00
7	EA_2024_7_LEFT	18	A:1.00	G	A	snp	5	1.00
8	EA_2024_8_RIGHT	5	A:1.00	C	T	snp	5	1.00
13	EA_2024_13_LEFT	9	T:1.00	C	T	snp	5	1.00
14	EA_2024_14_LEFT	14	C:1.00	T	C	snp	5	1.00
14	EA_2024_14_RIGHT	24	G:1.00	T	C	3'	5	1.00
21	EA_2024_21_LEFT	5	T:1.00	C	T	snp	5	1.00
22	EA_2024_22_LEFT	20	C:1.00	A	C	snp	5	1.00
22	EA_2024_22_RIGHT	16	A:0.60, T:0.40	C	T	3'	5	1.00
2	EA_2024_2_LEFT	16	A:1.00	G	A	snp	3	0.60
11	EA_2024_11_RIGHT	5	T:1.00	G	A	snp	3	0.60
13	EA_2024_13_LEFT	10	C:1.00	T	C	snp	3	0.60
1	EA_2024_1_LEFT	13	T:1.00	C	T	snp	2	0.40
1	EA_2024_1_RIGHT	15	A:1.00	G	T	snp	2	0.40
16	EA_2024_16_LEFT	5	G:1.00	A	G	snp	2	0.40
18	EA_2024_18_RIGHT	8	C:1.00	A	G	snp	2	0.40
10	EA_2024_10_LEFT	12	G:1.00	A	G	snp	2	0.40
15	EA_2024_15_LEFT	9	A:1.00	G	A	snp	2	0.40
10	EA_2024_10_LEFT	9	G:1.00	A	G	snp	1	0.20
9	EA_2024_9_LEFT	15	A:1.00	G	A	snp	1	0.20
19	EA_2024_19_RIGHT	9	G:1.00	T	C	snp	1	0.20
20	EA_2024_20_RIGHT	12	A:1.00	G	T	snp	1	0.20
19	EA_2024_19_RIGHT	6	G:1.00	T	C	snp	1	0.20
16	EA_2024_16_RIGHT	15	A:1.00	C	T	snp	1	0.20
20	EA_2024_20_RIGHT	9	T:1.00	G	A	snp	1	0.20
11	EA_2024_11_LEFT	7	T:1.00	C	T	snp	1	0.20
